,low income,lower middle income,upper middle income,high income
metric_1,50.3364245863611,58.9360350624134,59.6528461278618,61.6282500446477
metric_2,45.3805199785723,50.9319003590816,48.6735702497546,60.2827456449002
metric_3,45.4,57.075,68.9,78.4
metric_4,66.8,68.2,71,73.6
metric_5,42.9844990803694,43.8820750115017,48.0160180123171,53.822505249486
metric_6,47,57,72.6,80.35
metric_7,43.8237224134931,46.8140753602839,51.0420959901174,51.8228215658281
