,nb_score_males,nb_score_females
high income,79.47601470319286,79.34164927060613
upper middle income,79.43388308588413,79.31158095181672
lower middle income,79.39799032547315,79.28690492503198
low income,79.29692363818307,79.17495609682261
