,KNN_Imputed,MICE_Imputed
Adj. Rsquared,0.882184879,0.890507119
const,116.1610633,115.2612796
